-- phpMyAdmin SQL Dump
-- version 4.8.4
-- https://www.phpmyadmin.net/
--
-- Máy chủ: 127.0.0.1
-- Thời gian đã tạo: Th1 09, 2020 lúc 11:36 AM
-- Phiên bản máy phục vụ: 10.1.37-MariaDB
-- Phiên bản PHP: 7.3.0

SET SQL_MODE = "NO_AUTO_VALUE_ON_ZERO";
SET AUTOCOMMIT = 0;
START TRANSACTION;
SET time_zone = "+00:00";


/*!40101 SET @OLD_CHARACTER_SET_CLIENT=@@CHARACTER_SET_CLIENT */;
/*!40101 SET @OLD_CHARACTER_SET_RESULTS=@@CHARACTER_SET_RESULTS */;
/*!40101 SET @OLD_COLLATION_CONNECTION=@@COLLATION_CONNECTION */;
/*!40101 SET NAMES utf8mb4 */;

--
-- Cơ sở dữ liệu: `db_banhang`
--

-- --------------------------------------------------------

--
-- Cấu trúc bảng cho bảng `bills`
--

CREATE TABLE `bills` (
  `id` int(10) UNSIGNED NOT NULL,
  `id_customer` int(11) DEFAULT NULL,
  `date_order` date DEFAULT NULL,
  `total` float DEFAULT NULL COMMENT 'tổng tiền',
  `payment` varchar(200) CHARACTER SET utf8 COLLATE utf8_unicode_ci DEFAULT NULL COMMENT 'hình thức thanh toán',
  `note` varchar(500) CHARACTER SET utf8 COLLATE utf8_unicode_ci DEFAULT NULL,
  `created_at` timestamp NULL DEFAULT CURRENT_TIMESTAMP ON UPDATE CURRENT_TIMESTAMP,
  `updated_at` timestamp NULL DEFAULT CURRENT_TIMESTAMP
) ENGINE=MyISAM DEFAULT CHARSET=latin1;

--
-- Đang đổ dữ liệu cho bảng `bills`
--

INSERT INTO `bills` (`id`, `id_customer`, `date_order`, `total`, `payment`, `note`, `created_at`, `updated_at`) VALUES
(14, 14, '2017-03-23', 160000, 'COD', 'k', '2017-03-23 04:46:05', '2017-03-23 04:46:05'),
(13, 13, '2017-03-21', 400000, 'ATM', 'Vui lòng giao hàng trước 5h', '2017-03-21 07:29:31', '2017-03-21 07:29:31'),
(12, 12, '2017-03-21', 520000, 'COD', 'Vui lòng chuyển đúng hạn', '2017-03-21 07:20:07', '2017-03-21 07:20:07'),
(11, 11, '2017-03-21', 420000, 'COD', 'không chú', '2017-03-21 07:16:09', '2017-03-21 07:16:09'),
(15, 15, '2017-03-24', 220000, 'COD', 'e', '2017-03-24 07:14:32', '2017-03-24 07:14:32');

-- --------------------------------------------------------

--
-- Cấu trúc bảng cho bảng `bill_detail`
--

CREATE TABLE `bill_detail` (
  `id` int(10) UNSIGNED NOT NULL,
  `id_bill` int(10) NOT NULL,
  `id_product` int(10) NOT NULL,
  `quantity` int(11) NOT NULL COMMENT 'số lượng',
  `unit_price` double NOT NULL,
  `created_at` timestamp NOT NULL DEFAULT CURRENT_TIMESTAMP ON UPDATE CURRENT_TIMESTAMP,
  `updated_at` timestamp NOT NULL DEFAULT '0000-00-00 00:00:00'
) ENGINE=MyISAM DEFAULT CHARSET=latin1;

--
-- Đang đổ dữ liệu cho bảng `bill_detail`
--

INSERT INTO `bill_detail` (`id`, `id_bill`, `id_product`, `quantity`, `unit_price`, `created_at`, `updated_at`) VALUES
(18, 15, 62, 5, 220000, '2017-03-24 07:14:32', '2017-03-24 07:14:32'),
(17, 14, 2, 1, 160000, '2017-03-23 04:46:05', '2017-03-23 04:46:05'),
(16, 13, 60, 1, 200000, '2017-03-21 07:29:31', '2017-03-21 07:29:31'),
(15, 13, 59, 1, 200000, '2017-03-21 07:29:31', '2017-03-21 07:29:31'),
(14, 12, 60, 2, 200000, '2017-03-21 07:20:07', '2017-03-21 07:20:07'),
(13, 12, 61, 1, 120000, '2017-03-21 07:20:07', '2017-03-21 07:20:07'),
(12, 11, 61, 1, 120000, '2017-03-21 07:16:09', '2017-03-21 07:16:09'),
(11, 11, 57, 2, 150000, '2017-03-21 07:16:09', '2017-03-21 07:16:09');

-- --------------------------------------------------------

--
-- Cấu trúc bảng cho bảng `customer`
--

CREATE TABLE `customer` (
  `id` int(10) UNSIGNED NOT NULL,
  `name` varchar(100) COLLATE utf8_unicode_ci NOT NULL,
  `gender` varchar(10) COLLATE utf8_unicode_ci NOT NULL,
  `email` varchar(50) COLLATE utf8_unicode_ci NOT NULL,
  `address` varchar(100) COLLATE utf8_unicode_ci NOT NULL,
  `phone_number` varchar(20) COLLATE utf8_unicode_ci NOT NULL,
  `note` varchar(200) COLLATE utf8_unicode_ci NOT NULL,
  `created_at` timestamp NOT NULL DEFAULT CURRENT_TIMESTAMP ON UPDATE CURRENT_TIMESTAMP,
  `updated_at` timestamp NOT NULL DEFAULT CURRENT_TIMESTAMP
) ENGINE=MyISAM DEFAULT CHARSET=utf8 COLLATE=utf8_unicode_ci;

-- --------------------------------------------------------

--
-- Cấu trúc bảng cho bảng `news`
--

CREATE TABLE `news` (
  `news_id` int(22) NOT NULL,
  `news_name` varchar(200) CHARACTER SET utf8 COLLATE utf8_unicode_ci NOT NULL COMMENT 'tiêu đề',
  `news_sort_content` text CHARACTER SET utf8 COLLATE utf8_unicode_ci NOT NULL COMMENT 'nội dung',
  `news_content` varchar(100) CHARACTER SET utf8 COLLATE utf8_unicode_ci NOT NULL COMMENT 'hình',
  `created_at` timestamp NOT NULL DEFAULT CURRENT_TIMESTAMP ON UPDATE CURRENT_TIMESTAMP,
  `updated_at` timestamp NOT NULL DEFAULT '0000-00-00 00:00:00',
  `news_img` varchar(222) NOT NULL,
  `news_type` varchar(222) NOT NULL,
  `new_hot` varchar(222) NOT NULL
) ENGINE=MyISAM DEFAULT CHARSET=utf8;

--
-- Đang đổ dữ liệu cho bảng `news`
--

INSERT INTO `news` (`news_id`, `news_name`, `news_sort_content`, `news_content`, `created_at`, `updated_at`, `news_img`, `news_type`, `new_hot`) VALUES
(0, '1111', '111', '<p>aaaaaaaaa</p>', '2020-01-08 23:13:28', '2020-01-08 23:13:28', '/uploads/news/20200109061328.png', 'Nội bộ', '1');

-- --------------------------------------------------------

--
-- Cấu trúc bảng cho bảng `products`
--

CREATE TABLE `products` (
  `id` int(10) UNSIGNED NOT NULL,
  `name` varchar(100) COLLATE utf8_unicode_ci DEFAULT NULL,
  `id_type` int(10) UNSIGNED DEFAULT NULL,
  `description` text COLLATE utf8_unicode_ci,
  `image` varchar(255) COLLATE utf8_unicode_ci DEFAULT NULL,
  `created_at` timestamp NULL DEFAULT NULL,
  `updated_at` timestamp NULL DEFAULT NULL,
  `new` varchar(222) COLLATE utf8_unicode_ci NOT NULL
) ENGINE=InnoDB DEFAULT CHARSET=utf8 COLLATE=utf8_unicode_ci;

--
-- Đang đổ dữ liệu cho bảng `products`
--

INSERT INTO `products` (`id`, `name`, `id_type`, `description`, `image`, `created_at`, `updated_at`, `new`) VALUES
(64, 'Tùng Nguyễn', 3, NULL, '/uploads/product/20200109050556.png', '2020-01-08 22:05:56', '2020-01-08 22:05:56', '1'),
(65, 'aaaaaâ', 1, 'aaaaaaaaaaaaâ', '/uploads/product/newproduct.jpg', '2020-01-08 22:12:19', '2020-01-08 22:12:19', '1'),
(66, 'phong', 1, 'aaaaaaaaaaaaaaâ', '/uploads/product/20200109165154.jpg', '2020-01-09 09:51:54', '2020-01-09 09:51:54', '1');

-- --------------------------------------------------------

--
-- Cấu trúc bảng cho bảng `slide`
--

CREATE TABLE `slide` (
  `id` int(11) NOT NULL,
  `link` varchar(100) NOT NULL,
  `image` varchar(100) NOT NULL
) ENGINE=InnoDB DEFAULT CHARSET=utf8;

--
-- Đang đổ dữ liệu cho bảng `slide`
--

INSERT INTO `slide` (`id`, `link`, `image`) VALUES
(1, '', 'banner1.jpg'),
(2, '', 'banner2.jpg'),
(3, '', 'banner3.jpg'),
(4, '', 'banner4.jpg');

-- --------------------------------------------------------

--
-- Cấu trúc bảng cho bảng `type_products`
--

CREATE TABLE `type_products` (
  `id` int(10) UNSIGNED NOT NULL,
  `name` varchar(100) COLLATE utf8_unicode_ci NOT NULL,
  `description` text COLLATE utf8_unicode_ci NOT NULL,
  `image` varchar(255) COLLATE utf8_unicode_ci NOT NULL,
  `created_at` timestamp NULL DEFAULT NULL,
  `updated_at` timestamp NULL DEFAULT NULL
) ENGINE=InnoDB DEFAULT CHARSET=utf8 COLLATE=utf8_unicode_ci;

--
-- Đang đổ dữ liệu cho bảng `type_products`
--

INSERT INTO `type_products` (`id`, `name`, `description`, `image`, `created_at`, `updated_at`) VALUES
(1, 'Miền bắc', 'Nếu từng bị mê hoặc bởi các loại tarlet ngọt thì chắn chắn bạn không thể bỏ qua những loại tarlet mặn. Ngoài hình dáng bắt mắt, lớp vở bánh giòn giòn cùng với nhân mặn như thịt gà, nấm, thị heo ,… của bánh sẽ chinh phục bất cứ ai dùng thử.', 'banh-man-thu-vi-nhat-1.jpg', NULL, NULL),
(2, 'Miền trung', 'Bánh ngọt là một loại thức ăn thường dưới hình thức món bánh dạng bánh mì từ bột nhào, được nướng lên dùng để tráng miệng. Bánh ngọt có nhiều loại, có thể phân loại dựa theo nguyên liệu và kỹ thuật chế biến như bánh ngọt làm từ lúa mì, bơ, bánh ngọt dạng bọt biển. Bánh ngọt có thể phục vụ những mục đính đặc biệt như bánh cưới, bánh sinh nhật, bánh Giáng sinh, bánh Halloween..', '20131108144733.jpg', '2016-10-12 02:16:15', '2016-10-13 01:38:35'),
(3, 'Miền nam', 'Bánh trái cây, hay còn gọi là bánh hoa quả, là một món ăn chơi, không riêng gì của Huế nhưng khi \"lạc\" vào mảnh đất Cố đô, món bánh này dường như cũng mang chút tinh tế, cầu kỳ và đặc biệt. Lấy cảm hứng từ những loại trái cây trong vườn, qua bàn tay khéo léo của người phụ nữ Huế, món bánh trái cây ra đời - ngọt thơm, dịu nhẹ làm đẹp lòng biết bao người thưởng thức.', 'banhtraicay.jpg', '2016-10-18 00:33:33', '2016-10-15 07:25:27'),
(4, 'Quốc tế', 'Với người Việt Nam thì bánh ngọt nói chung đều hay được quy về bánh bông lan – một loại tráng miệng bông xốp, ăn không hoặc được phủ kem lên thành bánh kem. Tuy nhiên, cốt bánh kem thực ra có rất nhiều loại với hương vị, kết cấu và phương thức làm khác nhau chứ không chỉ đơn giản là “bánh bông lan” chung chung đâu nhé!', 'banhkem.jpg', '2016-10-26 03:29:19', '2016-10-26 02:22:22');

-- --------------------------------------------------------

--
-- Cấu trúc bảng cho bảng `users`
--

CREATE TABLE `users` (
  `id` int(10) UNSIGNED NOT NULL,
  `full_name` varchar(255) COLLATE utf8_unicode_ci NOT NULL,
  `email` varchar(255) COLLATE utf8_unicode_ci NOT NULL,
  `password` varchar(255) COLLATE utf8_unicode_ci NOT NULL,
  `phone` varchar(20) COLLATE utf8_unicode_ci DEFAULT NULL,
  `address` varchar(255) COLLATE utf8_unicode_ci DEFAULT NULL,
  `remember_token` varchar(100) COLLATE utf8_unicode_ci DEFAULT NULL,
  `created_at` timestamp NULL DEFAULT NULL,
  `updated_at` timestamp NULL DEFAULT NULL
) ENGINE=InnoDB DEFAULT CHARSET=utf8 COLLATE=utf8_unicode_ci;

--
-- Đang đổ dữ liệu cho bảng `users`
--

INSERT INTO `users` (`id`, `full_name`, `email`, `password`, `phone`, `address`, `remember_token`, `created_at`, `updated_at`) VALUES
(8, 'Nguyen Tung', 'abc@gmail.com', '$2y$10$fS/4lIu2C68s7LytLyer8emwtRvlVzO2D2w272W3UYpg7A8C7P4.O', '0985741111', 'Yên hòa _ cầu giấy_ Hà nội', 'GvzThAypqQ5SUJUSjfAwQILWTtrRxCA2jLlh6URi8xNTvzOMnaLJCyFrz0JX', '2020-01-07 20:41:17', '2020-01-07 20:41:17'),
(9, 'Nguyen Tung', 'gameofme1102@gmail.com', '$2y$10$N.cMoiuxCLjPWkJPIs9Gd.fKh8FsEVDhOZnUDwvIg7PJXKJqu924S', '0985746822', 'Yên hòa _ cầu giấy_ Hà nội', NULL, '2020-01-08 09:52:04', '2020-01-08 09:52:04');

--
-- Chỉ mục cho các bảng đã đổ
--

--
-- Chỉ mục cho bảng `bills`
--
ALTER TABLE `bills`
  ADD PRIMARY KEY (`id`),
  ADD KEY `bills_ibfk_1` (`id_customer`);

--
-- Chỉ mục cho bảng `bill_detail`
--
ALTER TABLE `bill_detail`
  ADD PRIMARY KEY (`id`),
  ADD KEY `bill_detail_ibfk_2` (`id_product`);

--
-- Chỉ mục cho bảng `customer`
--
ALTER TABLE `customer`
  ADD PRIMARY KEY (`id`);

--
-- Chỉ mục cho bảng `news`
--
ALTER TABLE `news`
  ADD PRIMARY KEY (`news_id`);

--
-- Chỉ mục cho bảng `products`
--
ALTER TABLE `products`
  ADD PRIMARY KEY (`id`),
  ADD KEY `products_id_type_foreign` (`id_type`);

--
-- Chỉ mục cho bảng `slide`
--
ALTER TABLE `slide`
  ADD PRIMARY KEY (`id`);

--
-- Chỉ mục cho bảng `type_products`
--
ALTER TABLE `type_products`
  ADD PRIMARY KEY (`id`);

--
-- Chỉ mục cho bảng `users`
--
ALTER TABLE `users`
  ADD PRIMARY KEY (`id`),
  ADD UNIQUE KEY `users_email_unique` (`email`);

--
-- AUTO_INCREMENT cho các bảng đã đổ
--

--
-- AUTO_INCREMENT cho bảng `bills`
--
ALTER TABLE `bills`
  MODIFY `id` int(10) UNSIGNED NOT NULL AUTO_INCREMENT, AUTO_INCREMENT=16;

--
-- AUTO_INCREMENT cho bảng `bill_detail`
--
ALTER TABLE `bill_detail`
  MODIFY `id` int(10) UNSIGNED NOT NULL AUTO_INCREMENT, AUTO_INCREMENT=19;

--
-- AUTO_INCREMENT cho bảng `customer`
--
ALTER TABLE `customer`
  MODIFY `id` int(10) UNSIGNED NOT NULL AUTO_INCREMENT, AUTO_INCREMENT=17;

--
-- AUTO_INCREMENT cho bảng `products`
--
ALTER TABLE `products`
  MODIFY `id` int(10) UNSIGNED NOT NULL AUTO_INCREMENT, AUTO_INCREMENT=67;

--
-- AUTO_INCREMENT cho bảng `slide`
--
ALTER TABLE `slide`
  MODIFY `id` int(11) NOT NULL AUTO_INCREMENT, AUTO_INCREMENT=5;

--
-- AUTO_INCREMENT cho bảng `type_products`
--
ALTER TABLE `type_products`
  MODIFY `id` int(10) UNSIGNED NOT NULL AUTO_INCREMENT, AUTO_INCREMENT=5;

--
-- AUTO_INCREMENT cho bảng `users`
--
ALTER TABLE `users`
  MODIFY `id` int(10) UNSIGNED NOT NULL AUTO_INCREMENT, AUTO_INCREMENT=10;

--
-- Các ràng buộc cho các bảng đã đổ
--

--
-- Các ràng buộc cho bảng `products`
--
ALTER TABLE `products`
  ADD CONSTRAINT `products_id_type_foreign` FOREIGN KEY (`id_type`) REFERENCES `type_products` (`id`);
COMMIT;

/*!40101 SET CHARACTER_SET_CLIENT=@OLD_CHARACTER_SET_CLIENT */;
/*!40101 SET CHARACTER_SET_RESULTS=@OLD_CHARACTER_SET_RESULTS */;
/*!40101 SET COLLATION_CONNECTION=@OLD_COLLATION_CONNECTION */;
